text,label
"A vasúti személyszállításra kötött szerződésekre a Ptk.-nak a szerződésekre vonatkozó általános, továbbá a vállalkozási szerződésre vonatkozó rendelkezéseit a Vszsz.-ben, illetve meghatározott esetekben a Tvszsz.-ben foglalt kiegészítésekkel kell alkalmazni.",1
"Határon átmenő, a vasúti társaság által végzett személyszállítás esetén a jelen Üzletszabályzat rendelkezéseit csak akkor kell alkalmazni, amennyiben jogszabály, nemzetközi szerződés, egyezmény, illetőleg szabály eltérően nem rendelkezik.",2
"Jelen Üzletszabályzat rendelkezései az utazásszervező és -közvetítő tevékenységről szóló 213/1996. (XII. 23.) Korm. rendelet szerinti tevékenységekre csak akkor alkalmazandók, ha az utazási szerződés kifejezetten így rendelkezik.",1
A HÉV által végzett személyszállításra vonatkozó rendelkezéseket külön üzletszabályzat tartalmazza.,4
"Díj ellenében végzett személyszállítás az a vasúti személyszállítás, amelyet – a közzétett feltételek alkalmazásával, díj ellenében – bárki igénybe vehet (a továbbiakban: közforgalmú vasúti személyszállítási szolgáltatás), valamint a közforgalmú, menetrenden kívül közlekedtetett vonatokkal végzett személyszállítás (a továbbiakban: különvonat).",3
A Vtv. 69. § 25. pontja alapján a vasúti társaság Üzletszabályzatának jóváhagyása a Vtv. szerinti vasúti igazgatási szerv hatáskörébe tartozik.,1
"A szerződés létrejötte: Az utas és a vasúti társaság közötti személyszállítási szerződés a menetjegy megvásárlásával jön létre, és attól az időponttól hatályos, amikor az utas utazási céllal a járműre felszáll, a vasútállomás vagy a megállóhely zárt peronként megjelölt területére belép. Ha az utas jogszabály vagy jelen Üzletszabályzat rendelkezése alapján menetjegy váltása nélkül jogosult utazását megkezdeni, a személyszállítási szerződés akkor jön létre, amikor az ilyen utas utazási céllal a járműre felszáll vagy a vasútállomás vagy megállóhely zárt peronként megjelölt területére belép.",2
"A szerződés hatálya, megszűnése: A személyszállítási szerződés az utazás befejezéséig hatályos. Az utazás akkor fejeződik be, amikor az utas a céljának megfelelő vasútállomáson vagy megállóhelyen az utas a járműről leszáll, illetve a zárt peronként megjelölt területét elhagyja, valamint ha a célja elérése előtt az utazásról (továbbutazásról) jelen Üzletszabályzat rendelkezései szerint lemond, vagy ha az utast a vasúti társaság az utazásból kizárja.",3
"A szerződések kombinálása: Az egymás utáni utazásra szóló menetjegyek megvásárlásával létrejött jogviszonyok akkor tekinthetők egy szerződésnek, ha azokat egymással a jegyértékesítés alkalmával összefüggésbe hozták, vagy azokat eleve több közlekedési szolgáltatóra adták ki. A belföldi és a nemzetközi menetjegyek kombinálása nem lehetséges, azokat minden esetben külön szerződésnek kell tekinteni. A nemzetközi utazásra vonatkozó szállítási feltételeket a nemzetközi díjszabások tartalmazzák, melyek kivonata – a teljesség igénye nélkül – megtalálható jelen üzletszabályzat A. Függelékében. A nemzetközi utazásra vonatkozó szállítási feltételek és díjszabások teljes és hatályos szövegét a MÁV Személyszállítási Zrt. a honlapján teszi közzé.",2
"Amennyiben az utas jelen Üzletszabályzat feltételeit elfogadja, és a közforgalmú vasúti személyszállítási szolgáltatás a vasúti társaság által a közforgalmú menetrendben meghirdetett járatokkal lehetséges, a vasúti társaság köteles a személyszállítási szolgáltatás igénybevételét valamennyi utazni kívánó személy számára hátrányos megkülönböztetés nélkül lehetővé tenni.",2
"Az útközben orvosi ellátásra szoruló személyt a vasúti társaság legalább a legközelebbi megfelelő vasútállomásig/megállóhelyig – ahol a szükséges egészségügyi ellátásban részesülhet – köteles továbbszállítani. Az ilyen utassal egy hozzátartozója abban az esetben is vele maradhat, ha nem rendelkezik érvényes menetjeggyel. A többi útitársat, ha szükséges, a vasúti társaság lehetőség szerint másik jármű(rész)ben helyezi el. Az útközben orvosi ellátásra szoruló személy szállításával kapcsolatban felmerült többletköltségeket a vasúti társaság az utas terhére az eset összes körülményének mérlegelése alapján felszámíthatja.",3
"A vasúti társaság az utasokat jogaikról, kötelezettségeikről, az igénybe vehető szolgáltatásokról, annak díjairól, illetve az esetleges forgalmi akadályról tájékoztatja. A vasúti társaság a vonatok érkezési, indulási és tartózkodási idejéről, továbbá – a rendelkezésére álló adatok alapján – a vonat kimaradásáról és késéséről a kiszolgáló személyzet, illetőleg az állomási utastájékoztatási rendszer útján, valamint a honlapján folyamatos tájékoztatást nyújt.",4
"A vasúti társaság az utazás közbeni tájékoztatási kötelezettségének a rendelkezésre álló hangos utastájékoztatási eszközökkel és a rendelkezésre álló vizuális utastájékoztatási eszközökkel, ezek hiányában élőszóval tesz eleget.",4
"A vonatpótló autóbusszal történő közlekedés esetében a vasúti társaság szolgáltatásait korlátozhatja. Amennyiben a menetrend ellentétes rendelkezést nem tartalmaz a vonatpótló autóbuszon a kerékpár szállítása szünetel, a kézipoggyász továbbítását a vasúti társaság csak a rendelkezésre álló tárolóhely figyelembevételével vállalja. Ha a vonatpótló autóbusznak minősülő jármű vezetője úgy rendelkezik, az utasnak a kézipoggyászát a jármű kívülről hozzáférhető csomagtartójában kell elhelyeznie, ebben az esetben a vasúti társaság az olyan kézipoggyászért vállal felelősséget, melynek átvételéről a jármű vezetője kérésre igazolást (poggyászvevényt) adott. A vonatpótló autóbuszon az ülőhely nem biztosítható előzetesen, továbbá csoportos utazás esetén együttes elhelyezés sem biztosítható.",3
"A vasúti társaság az Üzletszabályzatát, valamint annak módosítását – a vasúti igazgatási szerv jóváhagyását követő nyolc napon belül – a honlapján teszi közzé. Az Üzletszabályzat módosítása esetén az e tárgyban közzétett hirdetmény tartalmazza a megváltoztatott szabályokat és a hatálybalépés napját is. Az Üzletszabályzat a vasúti társaság honlapján díjmentesen megtekinthető és onnan letölthető. A vasúti társaság valamennyi pénztárában, valamint a személyes ügyintézéssel is foglalkozó ügyfélszolgálati pontokon lehetővé teszi az Üzletszabályzatba való betekintést. Az Üzletszabályzat kivonatát a vasúti társaság a csak Vasút-villamos vasútállomásainak (megállóhelyeinek) kivételével a vasútállomásokon és megállóhelyeken hirdetményben teszi közzé. A Díjszabás, a Menetdíjtáblázat és a közszolgáltatás megrendelője által előírt utazási kedvezmények egyedi szabályai külön kerülnek kiadásra, ezeket a vasúti társaság honlapján közzéteszi, valamint biztosítja, hogy az utas - arra irányuló kérése esetén - a pénztáraknál és a MÁV Személyszállítási Zrt. személyes ügyintézéssel is foglalkozó ügyfélszolgálati pontjainál megtekinthesse. . Ezen kívül a Menetdíjtáblázatok utasokat érintő kivonatát a vasúti társaság − a csak Vasút-villamos vasútállomásainak (megállóhelyeinek) kivételével − a vasútállomásokon hirdetményben teszi közzé.",2
A vasúti társaság a közszolgáltatás megrendelője által előírt kedvezmények igénybevételének feltételeit jelen Üzletszabályzaton kívül hirdetményben a vasúti társaság honlapján és az akció jellege szerinti célcsoport eléréséhez megfelelő kommunikációs csatornákon keresztül folyamatosan aktualizálva teszi közzé.,3
"Az utasnak az utazás megkezdésekor – ha jelen Üzletszabályzat másként nem rendelkezik – a megszakítás nélkül beutazni kívánt teljes viszonylatra érvényes menetjeggyel és a vonat igénybe vételéhez szükséges felárbizonylattal kell rendelkeznie, kivéve, ha az utazás megkezdésének helyén nincs menetjegykiadás.",4
"A vasúti társaság által közlekedtetett vonatokra a vasúti társaság által üzemeltetett állomási és megállóhelyi pénztárakban (továbbiakban: pénztár), menetjegyirodákban, valamint szerződéses partnereknél, utazási irodákban, automatáknál vagy elektronikus csatornán (interneten keresztül) lehet menetjegyet- és/vagy felárat vásárolni. A vasúti társaság a vasútállomáson és megállóhelyen hirdetmény útján a jegykiadás helyét a vasútállomástól, megállóhelytől távolabb is meghatározhatja. A menetjegy vásárlási lehetőségekről a vasúti társaság a honlapján is tájékoztatást nyújt. A vasúti társaság által a közszolgáltatási menetrendben meghirdetett vonatokra a vasúti társaság a pénztárban, jegykiadó automatákból, illetve a vonat fedélzetén köteles menetjegyet értékesíteni. Elektronikus csatornán és jegykiadó automatán díjmentes menetjegy önállóan nem vásárolható.",2
"Ha a kedvezményes elektronikus menetjegy megvásárlása az utazási kedvezményre jogosító elektronikus igazolvány kiváltásához van kötve, akkor az elektronikus igazolványhoz szükséges egyedi kódot a munkáltató bocsájtja a jogosult rendelkezésére.",3
Az elektronikus igazolvány kiváltása a 6.2.4 pont szerinti kód felhasználásával a MÁV applikációban lehetséges az adminisztrációs díj egyidejű megfizetése mellett. Az adminisztrációs díj mértéke a Vasúti Menetdíjtáblázatban kerül meghirdetésre.,4
Az elektronikus igazolvány alapján igényelhető kedvezményre jogosult munkavállalók munkáltatója a 6.2.4. pont szerinti kód igényléséhez előzetesen köteles regisztrálni a vasúti társaság által meghatározott felületen a cégadataival és az általa foglalkoztatott jogosult munkavállalók számának megadásával.,3
"A vasúti társaság a regisztrációt követő 15 napon belül a munkáltató részére hozzáférést biztosít a jogosult munkavállalók személyes adatainak (név, születési idő) és a hozzájuk rendelt kódok nyilvántartására szolgáló adatbázishoz. A munkáltató felelős azért, hogy egy munkavállaló részére egy egyedi kód kerüljön átadásra.",3
"Az elektronikus igazolvány a munkaviszony fennállása alatt jogosít kedvezményes menetjegyvásárlásra, a munkaviszony megszűnésekor az elektronikus igazolványt a vasúti társaság érvényteleníti, a nyilvántartásból a munkáltató általi törléssel egyidejűleg.",4
"Felár a vonaton a menetjeggyel megegyező feltétellel váltható azzal az eltéréssel, hogy utánfizetési felárat kell megfizetni akkor, ha az adott vonat jegyvizsgálója már nem tud szabad ülőhelyet biztosítani.",3
"Ha az utas célállomása közvetlen vonattal több útvonalon is elérhető, az utas a vasúti társaság jegyértékesítéssel foglalkozó munkavállalójával közösen határozza meg, hogy a menetjegy melyik útvonalon át kerüljön kiadásra. A vasúti társaság jegyértékesítéssel foglalkozó munkavállalója az utast kérésére tájékoztatja a leggyorsabb és a legolcsóbb eljutási lehetőségről, valamint kérésre más, kerülő útvonalra is kiadja a menetjegyet.",4
"A vasúti társaság pénztáraiban hivatalos magyarországi pénznemben, készpénzzel, bankkártyával, hitelkártyával minden esetben lehet fizetni. A vasúti társaság nemzetközi pénztáraiban lehetővé teszi az euróban készpénzben fizetést, az ilyen pénztárakat, valamint az euró garantált árfolyamát a honlapján aktualizálva teszi közzé.",5
"A vonaton hivatalos magyarországi pénznemben, készpénzben bankkártyával, hitelkártyával lehet fizetni, ha a technikai feltételek lehetővé teszik. A készpénzzel történő fizetés akkor lehetséges, ha az utas a menetjegy árának és a pótdíjnak a pontos összegét adja át vagy a menetjegy ellenőrzést végző munkavállaló rendelkezik elegendő váltópénzzel.",4
"Ha a vonaton az utasnak nincs megfelelő aprópénze, és a jegyvizsgáló nem tud visszaadni, illetve az utas bankkártyával sem tud fizetni, a vasúti társaság Utasleadási lapot állít ki. Az utas 3 munkanapon belül a pénztárban a vonaton fizetendő díjat fizetheti be.",4
"A vasúti társaság az általa közzétett hirdetményekben foglalt feltételekkel és időszakban – de legkorábban a tervezett utazás időpontja előtt 60 nappal – a menetjegyet előre, elővételben is kiszolgáltatja. Az elővételben váltott menetjegy érvénytartama az utas által meghatározott időpontban kezdődik. A vasúti társaság elővételt egyes kedvezményeknél a kedvezmény jellege szerinti célcsoport eléréséhez leginkább megfelelő értékesítési csatornákon biztosít. Ha egy kedvezmény elővételben nem minden értékesítési csatornán keresztül érhető el, arról a vasúti társaság a honlapján tájékoztatást nyújt.",3
"Az 1. kocsiosztályra kiadott felár 2. kocsiosztályon történő utazásra nem használható fel. Az 1. kocsiosztályra érvényes felár visszatérítéséhez az igazolást a jegyvizsgálótól kell kérni, amelyet a jegyvizsgáló akkor állíthat ki vasúthibából, ha az utas által igénybe venni kívánt vonat az előzetes meghirdetés ellenére nem továbbít 1. kocsiosztályú járművet/járműrészt.",3
"A személyhez kötött menetjeggyel csak az arra jogosult utazhat. A nem személyhez kötött menetjegy mindaddig másra átruházható, ameddig azzal az utazást nem kezdték meg. A személyhez kötött menetjegy felhasználójának személyazonosságát igazolnia kell. A személyhez kötött menetjeggyel kapcsolatos előírásokat megfelelően alkalmazni kell az olyan menetjegyre, melyre a Díjszabás meghatározott igazolvány vagy irat sorszámának feljegyzését írja elő. Az ilyen menetjegyet csak az igazolvány, irat jogos birtokosa használhatja.",2
"Az az utas, aki a menetdíj, viteldíj, felár és a pótdíj megfizetését megtagadja, - a 6.3.9. pontban felsoroltak kivételével - bármely olyan vasútállomáson vagy megállóhelyen kizárható az utazásból, ahol a vonat közlekedésének időszakában szolgálat van. A vasúti társaságot abban az esetben is megilleti a már megtett útra járó menetdíj és pótdíj, ha az utast az utazásból kizárta. Ha az utas a személyszállításból a II. fejezet 2.3. pontjában felsorolt valamely rendellenes magatartás neki felróható okból történő tanúsítása miatt kerül kizárásra, akkor nem követelheti vissza a kifizetett menetdíjat vagy egyéb díjat.",3
"Az utasnak azt a tényt, hogy nincs megfelelő menetjegye, legkésőbb a felszállás utáni első jegyvizsgálatkor be kell jelentenie, ellenkező esetben a pótdíj felszámítása nélküli menetjegy váltására többé akkor sem jogosult, ha menetjegy nélküli felszállásra jelen Üzletszabályzat alapján volt lehetősége.",3
"Ha az utas által felmutatott menetjegyért fizetett összeg nem fedezi az utas által igénybe vett szolgáltatás Menetdíjtáblázatban a menetjegy váltása időpontjában meghirdetett árát, az utas menetjegye elégtelen.",4
"Ha az utas menetjegye elégtelen, és ezt a vonaton az első jegyvizsgálatkor bejelenti, részére a vasúti társaság a szükséges felárat a Menetdíjtáblázatban előírt pótdíj felszámításával szolgáltatja ki.",4
"Ha az utas menetjegye érvénytelen, a vasúti társaság az új menetjegyet a Menetdíjtáblázatban meghirdetett pótdíj felszámításával adja ki. Ha a menetjegy időbeli érvénytartama két állomás között (menetközben) jár le, a továbbutazáshoz az új menetjegyet attól a vasútállomástól kell számítani, amelyen a vonat a menetjegy érvényességének lejárta előtt menetrend szerint utoljára megállt.",3
"Ha az utas a vonaton megállapított menetdíjat és pótdíjat nem fizeti meg, vagy a menetjegy érvényességéről, elégségességéről a vasúti társaság képviselője és az utas között vita van, a vasúti társaság az utas és utazásának adatairól, valamint az utas által fizetendő összegről a személyazonosításra, valamint lakcím megállapítására alkalmas igazolvány alapján jegyzőkönyvet (a továbbiakban: Utasleadási lap) állít ki. Csoportos elszámolás esetén, ha a csoport minden tagja esetében szükséges lenne az Utasleadási lap kiállítása, a vasúti társaság a csoportvezető nevére (a csoport adatainak feltüntetésével) egy Utasleadási lapot állíthat ki.",2
"Az Utasleadási lapon felszámított összeget az utas az Utasleadási lap átadásától számított 30 naptári napon belül bármely vasúti pénztárban kiegyenlítheti. Ha a megállapított követelést 30 naptári napon belül nem egyenlítették ki, a követelés a Menetdíjtáblázatban meghirdetett késedelmes befizetés pótdíjra módosul, ezt követően pedig a kezelési és postaköltség, valamint a késedelmi kamat összegével növekszik. Amennyiben az utas a részére átadott Utasleadási lapról másolatot kér, azt a vasúti társaság az Ügyfélszolgálathoz benyújtott írásos kérelemre, a Menetdíjtáblázatban meghatározott díj ellenében bocsátja rendelkezésre.",2
"Amennyiben az Utasleadási lap kiállításához az utas a személyazonosításra alkalmas igazolványát nem adja át, az adatrögzítéshez a vasúti társaság rendőri intézkedést kér. Ha a helyszínen nem lehetséges az igazoltatott személy (utas) személyazonosságának megállapítása, úgy a rendőrség az utast a legközelebbi rendőrőrsön előállítja és a személyazonosítását ott végzi el. A vasúti társaság a hatósági intézkedés szükségessé válása miatt az utas terhére pótdíjfizetési kötelezettséget állapít meg.",3
"Ha az utasnak egyidejűleg az elégtelen menetjegy és az új menetjegyváltás pótdíját is meg kellene fizetnie, a vasúti társaság csak a magasabb összegű pótdíjat számolja fel. Személyenként és utazásonként annyi jogcímen lehet pótdíjat felszámítani, ahány pótdíjazás körébe eső esetet az utas cselekménye önállóan is megvalósított, illetve a hatósági intézkedés miatti pótdíj minden esetben – az esetlegesen egyéb jogcímen kiszabott pótdíjtól függetlenül – külön felszámításra kerül.",2
"Ha a vasúti társaság követelésének pontos összege a vonaton nem állapítható meg, a vasúti társaság az Utasleadási lapon ezt a tényt feltünteti (utólagos díjmegállapítás). Ebben az esetben az utas számára irányadó határidők a vasúti társaság követelése pontos összegének közlésével kezdődnek. Ezt a szabályt kell alkalmazni abban az esetben is, ha a vasúti társaságnak – a Díjszabásban meghatározott esetekben alkalmazott – csoportos elszámolású menetjeggyel történő utazás után keletkezik követelése.",2
"Az Utasleadási lapon feljegyzett adatokkal és a vasúti társaság követelésével kapcsolatos kifogást, kérelmet az Ügyfélszolgálatnál lehet benyújtani. A benyújtott kifogás, kérelem elbírálásának időtartama az utas számára irányadó határidőkbe nem számít bele.",3
"Ha az utas a tartozását határidőben nem egyenlíti ki, a vasúti társaság a követelés behajtásáról jogi úton gondoskodik, vagy a követelés behajtásával mást bíz meg, illetve a követelést értékesítheti. Az utólagos behajtás többletköltségei az utast terhelik.",4
"Az elővételben váltott menetjegyen a vasúti társaság az utas által meghatározott indulási időpontot és az ahhoz tartozó érvénytartamot jelöli meg. Ha ilyen menetjeggyel az utas az érvényességként megjelölt időpontnál korábban kívánja az utazást megkezdeni, a menetjegyet az indulási állomáson az utazás megkezdése előtt ki kell cseréltetnie. A menetjegy e pontban szabályozott cseréje során a vasúti társaság nem számít fel kezelési költséget.",3
"Ha az utas az elővételben váltott menetjegyével a menetjegy érvényességének kezdete előtt kezdi meg utazását, és a menetjegy cseréjét elmulasztotta a vonaton a jegyvizsgáló az utazás teljes viszonylatára új menetjegyet ad ki a jegynélküli utas esetében alkalmazandó pótdíj felszámításával. Az utas birtokában lévő, fel nem használt menetjegyről a jegyvizsgáló igazolást ad, melynek visszatérítése kérhető.",3
"Ha a különböző módon megjelentetett menetrendek tartalma között ellentmondás van, irányadónak a vasúti társaság honlapján adott napra érvényesként közzétett hivatalos, vonalanként táblázatban összesített menetrendet, ha pedig e menetrendhez vágányzári menetrendi módosítás került kiadásra, akkor ezt a vágányzári menetrendet kell figyelembe venni. Ha a vasúti társaságnak az utassal a menetrendek ellentmondásos tartalma miatt vitás, illetve utánfizetési ügye van, az ügy elbírálásakor az utas számára adott helyzetben kedvezőbb menetrendi változatot kell alapul venni.",3
"A vasúti társaság az alkalmazott árakról a vasútállomásokon és megállóhelyeken kifüggesztett utastájékoztató hirdetményekkel, illetve szórólapokkal ad tájékoztatást. Az alkalmazott kedvezmények igénybevételének részletes feltételei a Díjszabásban, külön rendelkezésekben és a honlapon minden esetben megtalálhatók.",4
"A vasúti társaság a menetrendben megjelölt azon megállási helyekről, melyeken a vonat csak az utas jelzése vagy kérése esetén áll meg, az utasokat a honlapján, továbbá az érintett megállóhelyeken és az érintett vonatokon is hirdetmény útján tájékoztatja. A hirdetmény tartalmazza a fel- és leszállási szándék jelzésének módját.",5
"A vasúti társaság az előre látható forgalomkorlátozásokat, ide értve különösen az átszállást eredményező vágányzárakat, a vonatpótló, állomásközpótló autóbuszos közlekedést, a vonatelmaradást a honlapján közzé teszi, míg az érintett vasútállomásokon csak menetrendi módosításra figyelmeztető felhívást tesz közzé.",5
"A vonatok késéséről, valamint a késés miatt a csatlakozás elmulasztásáról a vasúti társaság – ha lehetséges – hangosbemondón és – ha lehetséges – állomási vizuális kijelzőn, illetve a jelen lévő munkavállaló útján azonnal értesíti, tájékoztatja az utasokat. A forgalmi akadályról az utasokat az érintett vasútállomásokon a vasúti társaság tájékoztatni köteles. Az utas kérésére a késésről, valamint az akadály tényéről és időtartamáról a vasúti társaságigazolást ad.",4
"A vasúti társaság az utazás közbeni tájékoztatási kötelezettségének információs tábla, vagy hangosbemondó alkalmazásával tesz eleget. Előbbiek hiányában a vasúti társaság élőszóban teljesíti e kötelezettségét. Az utas által igénybe vett vonat várható késéséről, a csatlakozások elmaradásáról menetközben – az általa elérhető információ mértékéig, legjobb tudása szerint – a menetjegy ellenőrzését végző személy felvilágosítást ad.",4
"A vasúti társaság egyes személyszállító vasúti járművek belterében – valamint a vonat közlekedése során, a vonat közlekedésével közvetlenül érintett területen – az utasok és a vasúti társaság munkavállalói, illetve megbízottjai életének, személyének, testi épségének és vagyontárgyainak, valamint a járművei, berendezései, eszközei, egyéb vagyontárgyai és a nemzeti vagyon védelme céljából a mindenkor hatályos uniós és nemzeti jogszabályok figyelembevételével és az Sztv.-ben meghatározott rendelkezések betartásával, elektronikus biztonságtechnikai rendszeren keresztül – a vasúti társaság által végzett közérdekű feladat megfelelő ellátása érdekében – kamerás megfigyelést folytat. A megfigyelés során képfelvételt (a továbbiakban: képfelvétel) rögzít, valamint azt felhasználás hiányában a rögzítést követő 16. napig tárolja, majd ezt követően automatizált módon törli. A vasúti társaság a kamerás megfigyelésről és az ezzel összefüggésben végzett adatkezelésről a vonat belterében elhelyezett – a kamerás megfigyelésre vonatkozó piktogrammal is ellátott – adatkezelési tájékoztatóban nyújt tájékoztatást, mely tájékoztatás a vasúti társaság honlapján számára folyamatosan hozzáférhető és letölthető.",1
"A vasúti társaság menetjegy ellenőrzését végző munkavállalója a képfelvétel vagy kép- és hangfelvétel rögzítésre, valamint az ezzel járó adatkezelésre vonatkozó figyelemfelhívó jelzést visel és kérésre erről tájékoztatást ad. A vasúti társaság a kamerás megfigyelésről és az ezzel összefüggésben végzett adatkezelésről a vonat belterében elhelyezett – a kamerás megfigyelésre vonatkozó piktogrammal is ellátott – adatkezelési tájékoztatóban nyújt tájékoztatást, valamint az adatkezelési tájékoztató folyamatosan elérhető és letölthető a vasúti társaság honlapján is.",3
"A jegyvizsgáló egyenruhában (kivételes esetben civil ruhában, „menetjegy-ellenőrzés” feliratú kitűzővel) teljesít szolgálatot és jegyvizsgálótáskát vagy jegykiadógépet hord magával. A jegyvizsgáló mellett a jegyvizsgáló munkáját ellenőrző más munkavállaló is végezhet menetjegy ellenőrzést, akit olyan jogosultságok illetnek meg, mint a jegyvizsgálót. Az ellenőrzést végző munkavállaló e minőségére utaló jelzést visel, valamint szolgálati megbízólevéllel rendelkezik, amellyel az utas kérésére igazolja magát. Az egyenruhában szolgálatot teljesítő jegyvizsgáló nem köteles az utas részére igazolni magát, de az utas kérésére köteles az utólagos azonosításához szükséges közérdekből nyilvános adatát (azonosító számát) megadni. A civil ruhában szolgálatot teljesítő jegyvizsgáló az utas kérésére szolgálati megbízólevéllel igazolja magát.",2
"A jegyvizsgálók munkavégzését és az utasok menetokmányait a vizsgáló főkalauz ellenőrzi. A vizsgáló főkalauz egyenruhában vagy civil ruhában végzi munkáját, szolgálati jelvénye a vasúti emblémával ellátott vörös karszalag. A vizsgáló főkalauz ellenőrzése során a jegyvizsgáló feladatait is elláthatja. A civil ruhában szolgálatot teljesítő vizsgáló főkalauz az utas kívánságára szolgálati megbízólevéllel igazolja magát.",4
"A vasúti társaság az utazásra jogosultság ellenőrzését követően az utas menetjegyét, utazási okmányait, igazolványát haladéktalanul köteles visszaadni, kivéve, ha az Üzletszabályzat vagy a Díjszabás szerint be kell vonni azt. Menetjegy, igazolvány egyebekben csak annak ellenőrzése és – a 9.1.5. d) pontban szabályozott esetben – adatainak rögzítése céljából és annak idejére kérhető el az utastól.",2
"Egy utas legfeljebb 3 darab kézipoggyászt vihet magával, melynek össztömege utasonként a 30 kg-ot nem haladhatja meg. A 14 éven aluli gyermek 15 kg kézipoggyászt vihet magával. Az utas a kézipoggyásszal a saját ülőhelyén kívül további ülőhelyet nem foglalhat el. Kerékpár szállítása esetén a további bevihető kézipoggyász össztömege a 10 kg-ot nem haladhatja meg.",4
"Ha az utas olyan tárgyat vitt magával a járműbe, amely a kézipoggyász fuvarozásból ki van zárva, utazását a poggyászával együtt nem folytathatja. Az ilyen poggyász fuvarozásáért a vasúti társaság a megtett útra poggyászdarabonként felszámolja a Menetdíjtáblázatban meghirdetett pótdíjat.",3
"A menetrendben megjelölt egyes vonatokra az utasnak a kerékpárhelyjegyet is meg kell váltania. A kerékpárhelyjegyet a vonatra való felszállás előtt kell megváltani. A fedélzeten kerékpárhelyjegy csak pótdíjjal szolgáltatható ki a rendelkezésre álló helyek mértékéig. Kerékpárhelyjegy hiányában az utast ki kell zárni az utazásból. A vasúti társaság nem felel a kerékpár szállítása során a tevékenységi körén kívül eső okból bekövetkezett károkért, (ideértve a lopást is). A vasúti társaság a kerékpárszállítás részletes feltételeiről a honlapján ad tájékoztatást.",4
"A vasúti társaság a panaszok, észrevételek intézése során az érintettek személyes adatának kezelését a hatályos törvényi rendelkezésekben – különösen az Európai Unió 2016/679. számú általános adatvédelmi rendeletében, az információs önrendelkezési jogról és az információszabadságról szóló 2011. évi CXII. törvényben és a fogyasztóvédelemről szóló 1997. évi CLV. törvényben – és a személyes adatok védelmére vonatkozó belső szabályzataiban foglaltaknak megfelelően végzi.",2
"Az Sztv. értelmében a vasúti személyszállítást igénybe vevő vagy igénybe venni szándékozó személy (jelen pontban a továbbiakban: panaszos) panasszal élhet a vasúti igazgatási szervnél, ha álláspontja szerint a vasúti társaság megsértette az Sztv. 17. § (1) bekezdésében hivatkozott valamely rendelkezést. E panasz akkor terjeszthető elő, ha a panaszos a vasúti társaság panaszkezelési eljárását igénybe vette, de az nem vezetett a panaszos számára kielégítő eredményre. A vasúti társaság a panaszkezelési eljárást lezáró levelében és honlapján tájékoztatja az utasokat a jelzett jogorvoslati lehetőségekről, valamint a vasúti igazgatási szerv elérhetőségeiről. Panaszt benyújtani a vasúti társaság panaszkezelési eljárását lezáró dokumentum panaszossal való közlésétől számított három hónapon belül, ennek hiányában az Üzletszabályzat panaszkezelésre vonatkozó részében az eljárásra meghatározott határidő leteltét követő három hónapon belül lehet. E határidőn túl a vasúti igazgatási szervhez benyújtott panaszok vizsgálatát a vasúti igazgatási szerv mellőzi. A vasúti társaság panaszkezelési eljárásában hozott, az ügyet lezáró dokumentumot a vasúti igazgatási szerv részére a panasz mellékleteként be kell nyújtani. Ennek hiányában a vasúti igazgatási szerv hiánypótlási felhívást bocsát ki.",1
az Európai Parlament és a Tanács 2016/679 rendelete (2016. április 27.) a természetes személyeknek a személyes adatok kezelése tekintetében történő védelméről és az ilyen adatok szabad áramlásáról valamint a 95/46/EK irányelv hatályon kívül helyezéséről (általános adatvédelmi rendelet),1
"pdf formátumú fájl: ISO 32000-1:2008 szabványnak megfelelő, szöveget, ábrát és képeket tartalmazó eszköz- és felbontásfüggetlen dokumentum. Az elektronikus jegyet tartalmazó .pdf fájlok megnyitásához az Acrobat Reader 8.0 (vagy újabb) program használata ajánlott.",2
"Az egyes vasúti utazási kedvezményekről szóló 57/2009. (X.20.) KHEM rendeletben (továbbiakban: Rendelet) foglaltaknak megfelelő, a MÁV Személyszállítási Zrt. által kibocsátott vagy a más vasúti társaság által kibocsátott, de a MÁV Személyszállítási Zrt. által utazásra elfogadott menetkedvezményi igazolványt / vasúti utazási igazolványt (a továbbiakban: utazási igazolványt) felhasználó utasokra az Üzletszabályzat előírásait az e mellékletben foglalt eltérésekkel kell alkalmazni.",1
"Ha a vasúti társaság által közlekedtetett vasút-villamos járat olyan vasútállomást (megállóhelyet) érint, amely nemcsak vasút-villamos járattal kerül kiszolgálásra, hanem a vasúti társaság által közlekedtetett, Közforgalmú menetrendben meghirdetett egyéb vonattal is, akkor a vasúti társaság az ilyen vasútállomáson (megállóhelyen) kifüggeszti az Üzletszabályzat II. 8.1.1. szerinti hirdetményen felül a vasút-villamosra vonatkozó utazási feltételeket is.",1
"Az utas kérésére a vonat 15 percet meghaladó késésről és/vagy a kimaradásáról, valamint az azt okozó akadály tényéről és időtartamáról a vasúti társaság igazolást ad. A vasúti társaság részéről – ha az lehetséges – a vonaton a TT ellenőr adja ki, és ezt a tényt feljegyzi az utas menetjegyére. Amennyiben a vasút-villamoson nincs igazolás adására alkalmas személy, az utas igazolás iránti igényét az Üzletszabályzat IV. Fejezet 2.2. pontjában meghirdetett telefonszámon, e-mail címen jelezheti.",2
"Ha az utas a vasút-villamoson a menetjegy fel nem használásának igazolását önhibáján kívül nem tudta elvégezni, és arra a vasútállomáson sincsen mód, az utazásról lemondását az Üzletszabályzat IV. Fejezet 2.2. pontjában feltüntetett telefonszámon vagy e-mailben haladéktalanul be kell jelentenie. A bejelentésnek tartalmaznia kell a lemondás pontos helyét, körülményeit, valamint az utas birtokában lévő érvényes menetjegyek és felár-bizonylatok sorszámát. A visszatérítési igényt ebben az esetben nem a pénztár, hanem kizárólag az Ügyfélszolgálat intézi, a IV. Fejezet szabályai szerint olyan módon, hogy a rögzített telefonhívást vagy az elektronikus levelet tekinti a lemondásról szóló igazolásnak.",2
"Szolgáltató a közforgalmú menetrend szerinti járattal történő utazásra vonatkozó ajánlatát menetrendbe foglalja és abban teszi közzé. A közszolgáltatási szerződés alapján végzett közforgalmú menetrend szerinti járatok menetrendje az ellátásért felelőssel, mint megrendelővel (helyközi közlekedésben: közlekedésért felelős miniszter, helyi közlekedésben: települési önkormányzat) kötött közszolgáltatási szerződés alapján készül, annak mellékletében szerepel. A járatoknak a menetrend szerinti közlekedtetése a Szolgáltató számára kötelezettség.",2
"az Európai Parlament és a Tanács (EU) 2016/679 rendelete (2016. április 27.) a természetes személyeknek a személyes adatok kezelése tekintetében történő védelméről és az ilyen adatok szabad áramlásáról, valamint a 95/46/EK rendelet hatályon kívül helyezéséről (általános adatvédelmi rendelet) szóló rendelet.",2
"Teljesárú menetjegy megvásárlásával megkötött személyszállítási szerződést a Szolgáltató az utas kérésére – ha a menetjegyet még nem használták utazásra – a menetjegy érvényességének lejártáig, illetve a meghatározott naptári napra és járatra kiadott menetjegy esetében a járat elindulása előtt a menetjegy érvényessége, az utazás célállomása vagy az útiránya tekintetében kezelési költség befizetésével módosítja. Kedvezményes árú menetjegy vagy más utazási igazolvány megváltásával létrejött személyszállítási szerződés csak akkor módosítható, ha az utazási kedvezmény, illetve a más utazási igazolvány igénybevétele, használata, az utazás időszaka, időpontja, utazási viszonylata vagy az utazások száma nem korlátozott. A lehetséges módosítások részleteit az Üzletszabályzat „IV. Jegyek és bérletek árusítása, menetjegy és bérlet árának visszatérítése” fejezet 7-9. pontjai tartalmazzák.",3
"Az utazási igazolvánnyal rendelkező utasnak a járatra történő felszálláskor utazási igazolványát az előírt módon kell kezelnie, kezeltetnie, illetve ellenőrzésre a jegykezelőnek felmutatnia vagy utazási jogosultságát igazolnia. A különböző jogosultsághoz kötött utazási igazolványokat a jogosultságot igazoló okmánnyal együtt – beleértve az eredeti személyazonosság igazolására szolgáló okmányt is – a jegykezelőnek fel kell mutatni vagy át kell adni. A járaton szolgálatot teljesítő jegykezelőt ebben az ellenőrökével azonos jogosultság illeti meg.",4
"Valamennyi jegyet, bérletet, bérletigazolványt (teljesárú bérlet esetében bérletigazolványt, személyi igazolványt vagy kártya formátumú vezetői engedélyt, tanulók esetében a diákigazolványt vagy az oktatási intézmény által az igazolványrendelet melléklete szerint, diákigazolványt helyettesítő igazolást és ezen igazoláshoz 14. életévét betöltött személy esetében a személyi azonosításra alkalmas okmányt) és bérletszelvényt, vagy utazásra jogosító igazolványt/igazolást ellenőrzéskor át kell adni az ellenőrzést végző személynek.",3
"Minden utas egy ülőhelyet vehet igénybe, ha azt előzetesen biztosította vásárlásával, vagy a fennmaradó ülőhelyeket más utasok nem foglalták el. Egy utas számára megvásárolt több helyjegy sem jogosítja az utast több ülőhely elfoglalására. Nemzetközi és meghatározott (csak ülő utasokat szállító autóbusszal végzett) országos járatokon minden utas ülőhelyen utazik. A 3 éven aluli gyermek – biztonsága érdekében –, ha a kísérője úgy dönt, hogy a gyermek nem gyermekkocsiban rögzítve utazik, akkor kísérője ölében, illetve külön ülésen ún. mózeskosárban, gyermek-hordozóban, gyermekülésben, gyermekbiztonsági rendszerben stb. helyezhető el. A fogyatékossággal élő személyek vagy csökkent mozgásképességű személyek (várandós anyák, kisgyermekkel utazók, vakok, mozgásukban korlátozottak) számára megjelölt elsőbbségi üléseken, valamint a kerekesszékkel utazók részére kijelölt helyen elsősorban ezen személyek utazhatnak.",2
"A Szolgáltatónak az ülőhely fenntartására vonatkozó kötelezettsége az előre váltott, utazási igazolványhoz tartozó helyjegy vagy helyfoglalást is tartalmazó menetjegy esetében csak a jegy érvényességének kezdetét jelölő állomásra (megállóhelyre) vonatkozik. Az ilyen módon lefoglalt ülőhelyeket a Szolgáltató az (elővételben váltott helyjeggyel) rendelkező utas számára fenntartja. Ha elővételi helyjeggyel nem rendelkező utas a fenntartott ülőhelyet elfoglalja, azt az elővételi helyjegy felmutatójának át kell engednie. Ha az utas az előre váltott menetjegyhez tartozó helyjeggyel vagy helyfoglalást is tartalmazó menetjeggyel utazását az azokon megjelölt állomáson (megállóhelyen) nem kezdi meg, Szolgáltató úgy tekinti, mint aki az utazásáról lemondott. Ilyen esetben az előreváltott helyjegy érvényességi viszonylatán belüli közbeeső megállóhelyen felszállni kívánó utas az autóbuszjáratot csak akkor veheti igénybe, ha azon a kívánt utazása teljes viszonylatára szabad ülő- vagy állóhely még van, lefoglalt ülőhelyére vonatkozó igényét azonban elveszti.",2
"Az igény bejelentésekor az utas visszajelzést kap, ha a kiválasztott járattal az utazni kívánó személyek nem tudnak elutazni, mert azon nincs megfelelő mennyiségű szabad hely. A TELEBUSZ járatot a bejelentéskor megadott személyek vehetik igénybe, további személyek utaztatása csak rendelkezésre álló szabad kapacitás esetén történhet, a járművezető döntése alapján.",4
"Tilos a vészjelzőt, vészféket vagy ajtó-vésznyitót indokolatlanul működtetni, a jegykezelő készüléket önkényesen kinyitni, nyílását eltömíteni.",5
"Az utas az autóbuszba kézipoggyászként egy személy által is könnyen hordozható, 10 kg-nál nem nagyobb tömegű és terjedelme szerint a 10.3. pontban meghatározott módon elhelyezhető tárgyat vihet magával, feltéve, hogy az terjedelme miatt – az utas kezében, ölében vagy más módon szállítva – sem gátolja az utasok autóbuszon belüli szükséges mozgását, sem az ülő, sem az álló utasoknak kényelmetlenséget nem okoz, az utasok testi épségét nem veszélyezteti, ruházatában, magukkal vitt poggyászaikban, az autóbuszban és annak felszerelési tárgyaiban kárt vagy szennyeződést nem okoz.",4
"Propán-bután gáz személyenként 1 db, legfeljebb 5 kg töltetű palackban vihető be az olyan autóbuszba, ahol biztonságosan rögzíthető az utasok mozgásának akadályozása nélkül. A gázpalackot az autóbuszon zárt állapotban, védőkupakkal ellátva – állítva – úgy kell elhelyezni és rögzíteni, hogy el ne mozdulhasson.",4
"Amennyiben az utas kézipoggyászként be nem vihető tárgyat vitt az autóbuszba és ez az utazás során kiderül, a kézipoggyászt a Szolgáltató kizárja a további szállításból. Ha az utas a szállításból kizárt tárgytól nem hajlandó megválni, a Szolgáltató az utast is kizárja az utazásból. Az utas felelős az ezen szabály megsértéséből adódó károkért.",4
"A regionális és elővárosi autóbuszjáratokon, valamint azokon az országos autóbuszjáratokon, amelyet poggyásztartóval, poggyászszekrénnyel nem rendelkező autóbusz végez, csomagnak minősül az utastérben szállított, a kézipoggyásznál nagyobb tömegű és/vagy méretű, azaz 10 kg-ot meghaladó, valamint a szállítás közben általában kézben, ölben el nem helyezhető és más terjedelmes tárgy.",4
"Útipoggyászként általában olyan tárgyak adhatók fel, amelyek bőröndbe, kézitáskába, hátizsákba, kosárba, kisebb ládába, zsákba vagy egyéb alkalmas módon vannak csomagolva. Az útipoggyász Szolgáltató általi biztosítási összértéke utasonként 100.000 Ft, és a belföldi forgalomban kerékpártartón szállított kerékpár Szolgáltató általi biztosítási értéke utasonként 200.000 Ft. Az utas ezt meghaladó értékű útipoggyászt csak saját felelősségére szállíthat. Az útipoggyász nem tartalmazhat ékszert, nemesfémet, művészeti tárgyat, bélyeget, gyűjteményt, készpénzt, készpénzkímélő- és helyettesítő fizetőeszközt (bank- vagy hitelkártya, szolgáltatás igénybevételére jogosító utalvány stb.) értékpapírt, menetjegyet, útiokmányt, bérletet, okmányt, nemes szőrmét, számítógépet, tűz-, robbanás- és sugárveszélyes anyagot, valamint életmentő gyógyszert.",3
"Amennyiben az utas útipoggyászként nem szállítható tárgyat adott fel és ez az utazás során kiderül, az útipoggyászt a Szolgáltató kizárja a további szállításból. Ha az utas a szállításból kizárt tárgytól nem hajlandó megválni, a Szolgáltató az utast is kizárja az utazásból.",4
"A Szolgáltató az útipoggyásznak vagy csomagolásának külsőleg észrevehető sérülését vagy meg nem felelő állapotát, valamint a csomagolás hiányát a poggyászszelvényre ráírja, és ha az utas a poggyászszelvényt elfogadja, ezzel elismeri az útipoggyásznak, illetőleg a csomagolásnak a poggyászszelvényre feljegyzett állapotát. A le nem zárt bőröndöt a Szolgáltató hiányosan csomagolt útipoggyásznak tekinti.",4
"A 12.1. pontban foglalt feltételek megtartásával zárt szállítóeszközben utasonként egy kutya szállítható. A 12.1. pontban foglaltaktól eltérően, díjazás ellenében (kivéve Budapest közigazgatási határán belüli kutyaszállítás szabályaira vonatkozóan (IV. fejezet Egyéb díjak, 2. Élő állat szállításának díja)) autóbuszonként egyidejűleg egy kutya zárt szállítóeszköz nélkül, szájkosárral (szájmaszkkal) és pórázon vezetve is szállítható. Amennyiben ugyanazon autóbuszjárattal egyidejűleg egynél több pórázon vezetett kutya szállítására van igény, a kutya szállításában elsőbbsége a már az autóbuszjárattal utazó utasnak van, a felszállásra pórázon vezetett kutyával jelentkezők sorrendjére pedig az elszállítási sorendre vonatkozó szabályok érvényesek. A segítő kutyák (12.3. pont), továbbá a hatósági feladatok ellátását segítő szolgálati kutyák autóbusszal történő szállítására a pórázon vezetett kutyák szállítására vonatkozó korlátozás nem érvényes.",1
"Az autóbuszba bevitt élő állatra az utasnak kell felügyelni. Ha az élő állat az utasokra veszélyes vagy a magatartásával veszélyt jelenthet, az utasokat magatartásával zavarhatja vagy félelmet kelthet, továbbá, ha számukra kényelmetlenséget okoz, a Szolgáltató az élő állat szállítását és az azt szállító utas utazását megtagadhatja, illetve a szállításból kizárhatja. A segítő kutya szállítása csak akkor tagadható meg, illetve zárható ki a szállításból, ha az ott tartózkodók testi épségét veszélyeztető magatartást tanúsít. Ha az utas a szállításból kizárt állattól nem hajlandó megválni, a Szolgáltató az utast is kizárja az utazásból.",2
"A fogyatékossággal élők vagy csökkent mozgásképességű személyek mozgását segítő alábbi gyógyászati segédeszközei: kerekesszék, járókeret, rollátor, bot, mankó(k), sétapálca, kézipoggyászként akkor vihető be, ha ott úgy elhelyezhető, hogy az utasok autóbuszon belüli szükséges mozgását nem gátolja, elmozdulás ellen biztosítható és az utasok testi épségében, magukkal vitt poggyászaikban, az autóbuszban és annak felszerelési tárgyaiban kárt vagy szennyeződést nem okozhat.",5
"A kerekesszék fuvarozására az árufuvarozási felelősség szabályai, annak eltérő rendelkezése hiányában a vállalkozási szerződés szabályai vonatkoznak. Ennek megfelelően a Szolgáltató felelős azért a kárért, amely az útipoggyászként átvett kerekesszék átvételétől a kiszolgáltatásig terjedő idő alatt a teljes vagy részleges elvesztéséből, megsemmisüléséből vagy megsérüléséből keletkezett. Mentesül a felelősség alól a Szolgáltató, ha bizonyítja, hogy a szerződésszegést ellenőrzési körén kívül eső, az útipoggyász fuvarozásra történő átadásának időpontjában előre nem látható körülmény okozta és nem volt elvárható, hogy a körülményt elkerülje vagy a kárt elhárítsa.",2
"Menetjegyek, bérletek, egyéb utazásra jogosító igazolványok árusítása a Szolgáltató pénztáraiban, honlapján, automatáiból, mobilalkalmazásokban (Közlekedési Mobiljegy és társszolgáltatói vagy MÁV és MÁV+ applikációk), valamint megbízott más értékesítőknél, illetve az autóbusz-vezetőknél az utazás megkezdésekor történik. A Szolgáltató az autóbusz-vezetőknél váltható utazási igazolványok körét korlátozza, amely – az 1.2. pontban foglalt eset kivételével – nem terjed ki az adott az autóbuszjáratra felszállók részére történő menetjegy kiadására. A korlátozás szabályait jelen fejezet „3. Jegyváltás az autóbusz-vezetőnél” és „4. Bérletvásárlás” pontjai tartalmazzák.",2
"A helyi közlekedésben alkalmazott bérletek használatához szükséges igazolványok kiállítása és érvényesítése a Szolgáltató honlapján közzétett autóbusz-állomásainak pénztárainál történhet. A pénztárak, valamint a megbízott más értékesítők jegyzékét, a pénztárak nyitvatartási idejét Szolgáltató a honlapján közzéteszi.",5
"A kinyomtatott formában megvásárolt és fel nem használt, vagy részben felhasznált menetjegy, bérlet stb. árának visszatérítése csak annak visszaadása ellenében történhet. Ennek hiányában visszatérítési igényt a Szolgáltató semmiféle igazolásra nem teljesít. Részben leutazott nemzetközi részvételi jegy nem váltható vissza. Lejárt nemzetközi menetjegy és részvételi jegy nem váltható vissza. A gyűjtőjegy, jegytömb ára csak abban az esetben téríthető vissza, ha az adott gyűjtőjegyhez, jegytömbhöz tartozó valamennyi jegy hiánytalanul visszaadásra kerül.",5
"Az Igazolvány kiváltásához vagy érvényesítéséhez az igénylőnek be kell mutatnia személyazonosító igazolványát, valamint a Díjszabásban meghatározott, a kedvezményre jogosultságot igazoló igazolványt („Ellátottak utazási utalványá-t”), igazolást (fővárosi és vármegyei kormányhivatal járási – fővárosi kerületi – hivatala igazolását). Az Igazolvány kiváltásához egy új (hat hónapnál nem régebbi) 3,5x4,5 cm nagyságú fotópapírra nyomtatott arcképet is mellékelni kell.",4
"A megváltott és kezelt, kezeltetett vagy ellenőrzésre felmutatott (a továbbiakban együtt: érvényesített) utazási igazolványt az utazás tartama alatt meg kell őrizni. Az érvényesített utazási igazolványt az utazás tartama alatt, illetve leszálláskor – ellenőrzés céljából, a kedvezményes jegyváltásra jogosító okmánnyal együtt – a Szolgáltató által az utazási igazolványok ellenőrzésre feljogosított személy (jegykezelő, jegykiadó vagy ellenőr, a továbbiakban: ellenőr) részére, felhívására, fel kell mutatni vagy át kell adni. Amennyiben az utazási igazolvány vagy az utazási kedvezmény jogszerű igénybevételének megállapításához, illetve, ha az az ellenőrzési eljárás lefolytatásához szükséges, az utas köteles személyazonosságát igazolni.",3
"Az írásbeli panaszt, valamint a jegyzőkönyvben rögzített szóbeli panaszokat a Szol-gáltató érdemben megvizsgálja, a vizsgálat eredményét és a tett intézkedéseket 1 hónapon belül írásban közli a panasz benyújtójával. Ha a Szolgáltató a panaszt elutasítja, azt megindokolja és írásban tájékoztatást ad a panaszosnak, hogy panaszával – annak jellege szerint – mely hatóság vagy a békéltető testület eljárását kezdeményezheti, és megadja azok elérhetőségét.",2
"A nyilvántartásba vett talált tárgyakat a Szolgáltató 3 hónap időtartamig megőrzi, ezt követen az át nem vett tárgyakat értékesíti. Az átvett, de romlandósága miatt, vagy más okból el nem tartható tárgy értékesítéséről a Szolgáltató a leadást követően haladéktalanul gondoskodik. A nem értékesíthető tárgyak megsemmisítésre kerülnek.",4
"A Szolgáltató a nemzetközi utazásnál fenntartja a jogot, hogy az utas fuvarozásához más társaságot vegyen igénybe, vagy a meghirdetettől eltérő típusú autóbuszt üzemeltessen. Ha a menetrendben közzétett járat törlésre kerül, a Szolgáltató az utasokat erről a lehető legrövidebb időn belül tájékoztatja – kivéve, ha azonos időpontban induló egyéb, akár átszállásos járattal az utas utaztatását meg tudja oldani. A tájékoztatás az utas által megadott telefonszámon, valamint a helyileg szokásos módon történik, figyelemmel a menetrend módosítására vonatkozó szabályokra. Amennyiben az utas a telefonszáma megadását megtagadja vagy megadott telefonszámon nem érhető el és így az értesítés meghiúsul, az autóbuszjárat törléséből eredő károkért a Szolgáltató nem vállal felelősséget.",2
"Nemzetközi menetjegy átvételekor az utasnak/vásárlónak meg kell győződnie arról, hogy a menetjegyet az általa megadottak szerint állították ki, illetve, hogy jegyét a Szolgáltató honlapján az általa kívántak szerint vásárolta meg. Személyes vásárlásnál történő hiba esetén azt az utas/vásárló azonnal jelezni köteles a jegyértékesítő személyzet felé. Az azonnali jelzést követően a helyszínen a hibás menetjegy kezelési költség felszámítása nélkül, a hibás menetjegy bevonása mellett kerül módosításra.",4
"Biztosított a helyi, helyközi, szerződéses autóbuszon történő utazások esetén az a személy, aki érvényes jeggyel, bérlettel vagy utazásra jogosító más dokumentummal rendelkezik és jogszerűen veszi igénybe Szolgáltató szolgáltatásait. Biztosítottnak tekintendők továbbá az ingyenes utazásra jogosult személyek is (az Utazási feltételek szerint), nemzetközi menetrend szerinti utazások esetén Szolgáltató által üzemeltetett nemzetközi járaton Szolgáltatónál váltott menetjeggyel vagy bérlettel utazó utas.",3
"Szolgáltató az Európai Parlament és a Tanács (EU) 2016/679 rendelete (2016.04.27.) a természetes személyeknek a személyes adatok kezelése tekintetében történő védelméről és az ilyen adatok szabad áramlásáról, valamint a 95/46/EK rendelet hatályon kívül helyezéséről (általános adatvédelmi rendelet) szóló rendeletnek megfelelően, adatkezeléseiről tájékoztatást készített, amely a Szolgáltató honlapján megtalálható.",1
"A Járművezető, valamint a Forgalmi- és utasellenőr, a munkavégzésük során közfeladatot ellátó személynek minősülnek (Btk. 459.§ 12. pont).",4
"Aki e személyeket jogszerű eljárásukban erőszakkal vagy fenyegetéssel akadályozza, intézkedésre kényszeríti vagy eljárása alatt, illetőleg emiatt bántalmazza, bűntettet követ el, egy évtől öt évig terjedő szabadságvesztéssel büntetendő (Btk. 310.§ 1. pont).",4
"Amennyiben az utazási igazolvány vagy az utazási kedvezmény jogszerű igénybevételének megállapításához, illetve ha az ellenőrzési eljárás lefolytatásához szükséges, az Utas köteles személyazonosságát igazolni (213/2012. (VII.30.) Korm. rendelet 13.§.(1) bek.).",4
"A Forgalmi és utasellenőrök jogosultak a járműre felszálló, a járművön tartózkodó, valamint a járműről közvetlenül leszálló személyek utazási jogosultságának ellenőrzésére, akár a kijelölt megállóhelyen is - arra figyelemmel, hogy az első ajtón felszálló Utas jogosult a menetjegyét a jármű vezetőjénél és a járművön elhelyezett fedélzeti jegykiadó automatából is megvásárolni. A menetjegyet, az érvényes bérletet, az utazási igazolványt és az egyéb utazásra, kedvezményre jogosító dokumentumot ellenőrzés céljából az utazás megkezdése előtt - a járművezetői jegy és a járművön érintéses fizetőeszközzel történő vásárlással, fedélzeti jegykiadó automatából váltott jegy kivételével - a megállóhelyen, a járműre történő felszálláskor; valamint - a járművezetői jegyet és a járművön érintéses fizetőeszközzel történő vásárlással, fedélzeti jegykiadó automatából váltott jegyet is - az utazás teljes tartama alatt, és a járműről történő leszállást közvetlenül követően a megállóhelyen a Forgalmi és utasellenőr kérésére fel kell mutatni, illetve szükség esetén át kell adni.",2
"A helyi, menetrend szerinti közösségi közlekedési eszközökön, minden Utas legfeljebb 2 darab 40x50x80 cm méretet meg nem haladó, tömegénél fogva egy személy által hordozható, a fel- és leszállást nem akadályozó kézipoggyászt, vagy 1db szánkót vagy 1 pár sílécet vagy 1 köteg facsemetét vagy 1 gyermekkocsit, kerekesszéket vagy egyéb mozgást segítő eszközt díjmentesen szállíthat, megfelelő rögzítés mellett. Jégkorcsolya csak élvédővel ellátva, csomagolt állapotban, táskában szállítható. A fentieknek nem megfelelő tárgy, poggyász után az utas pótdíj fizetésére kötelezhető.",3
"Elővételben történt menetjegy és/vagy helyjegy megvásárlásával megkötött személyszállítási szerződéstől az utas elállhat – ha a menetjegyet és/vagy helyjegyet még nem használta utazásra – a menetjegy és/vagy a helyjegy érvényességének (felhasználhatóságának) lejártáig, illetve a meghatározott naptári napra és járatra kiadott jegy, ülőhelyfoglalást biztosító helyjegy esetében a járat indulási időpontjáig, feltéve, ha az utas ezen időpontokig a menetjegyet és/vagy helyjegyet visszaadja. Bérlet vagy más, itt nem említett utazási igazolvány megvásárlásával, átvételével megkötött személyszállítási szerződéstől az utas a bérlet vagy más utazási igazolvány érvényességének (felhasználhatóságának) kezdetéig elállhat, feltéve, ha az utazási igazolványra vonatkozó szabályok ezt megengedik és ezen időpont előtt a bérletet, illetve utazási igazolványt visszaadja. Az utazási igazolványok visszaadásának részletes szabályait az Üzletszabályzat „IV. Jegyek, bérletek árusítása, menetjegy és bérlet árának visszatérítése” fejezet 6-9. pontjai tartalmazzák.",2
